epoch,acc,loss,epoch t
9,0.20477529268599723,3.125271478452787,0.14235544204711914
19,0.38445721958793166,2.4161012088442857,0.15245366096496582
29,0.5753010784272586,1.541497735094051,0.1536121368408203
39,0.7798245982124125,0.7287318644008104,0.16959166526794434
49,0.8849397843145482,0.4438303743928945,0.16393470764160156
59,0.909445679996643,0.33607077600491053,0.16579627990722656
69,0.9188452016281314,0.29512611274720263,0.16394853591918945
79,0.9245940161973899,0.2599008925456838,0.16806411743164062
89,0.9289580798120096,0.24503409308168084,0.16855120658874512
99,0.9323150518232555,0.22453946143706227,0.1709442138671875
109,0.9344551214804246,0.21559094465277592,0.1698770523071289
119,0.9366791154378751,0.2054968464475944,0.16301298141479492
129,0.9394066551970123,0.20235643559063649,0.1666724681854248
139,0.9397843145482775,0.19275161440584163,0.16640138626098633
149,0.9414208384037598,0.18725826363639414,0.1620931625366211
159,0.9437707188116319,0.18896358593477475,0.17058110237121582
169,0.9449036968654274,0.1782447728343776,0.15570902824401855
179,0.9455750912676766,0.1755994039842555,0.16706299781799316
189,0.9453652805169737,0.17304862021862505,0.17353272438049316
199,0.6740380177080274,2.2413210749456622,0.1639852523803711
209,0.9196005203306618,0.2953133437843803,0.17299842834472656
219,0.932357013973396,0.24599991174329836,0.16000866889953613
229,0.9359237967353448,0.21113898627639735,0.16882538795471191
239,0.938357601443498,0.20117284456590281,0.17677903175354004
249,0.9396584280978557,0.18980446161734912,0.16051340103149414
259,0.9410431790524947,0.1857909828693952,0.16926193237304688
269,0.9429314758088204,0.18029046517361205,0.16329002380371094
279,0.9437707188116319,0.18082930797521937,0.1643075942993164
289,0.9441903403130376,0.17731316412643894,0.18128561973571777
299,0.9455750912676766,0.17619382649612927,0.1692218780517578
309,0.9459107884688012,0.17094115080869132,0.16150856018066406
319,0.9170408291720867,0.25780021009706977,0.11131644248962402
329,0.8884646049263564,0.24224166466813804,0.11467957496643066
339,0.9321052410725525,0.23389427874359353,0.1151282787322998
349,0.9217405899878309,0.23077817254541552,0.11378145217895508
359,0.9311820737694599,0.22333662321893363,0.11773562431335449
369,0.9329864462255046,0.20870617509710335,0.10901880264282227
379,0.9394066551970123,0.1809556266896651,0.10557222366333008
389,0.9443581889135999,0.1793705829722006,0.16681241989135742
399,0.9411690655029163,0.18520043862113264,0.12259864807128906
409,0.9452813562166925,0.1748830127022567,0.14581513404846191
419,0.9457429398682389,0.16647223813125553,0.1434483528137207
429,0.9470857286727372,0.1669643190314152,0.1571204662322998
439,0.947883009525408,0.1604966069386119,0.1539454460144043
449,0.9486383282279384,0.16195563329319504,0.1538102626800537
459,0.9486383282279384,0.15878938481515148,0.1616225242614746
469,0.9490999118794847,0.1566764910770588,0.15349507331848145
479,0.949561495531031,0.15577674702149355,0.14904236793518066
489,0.9498132684318744,0.1543540138770561,0.14295315742492676
499,0.9498971927321556,0.15014924239692623,0.14539575576782227
509,0.9502748520834208,0.15048012641462286,0.1461644172668457
519,0.9504846628341236,0.15078878903000645,0.15656661987304688
529,0.9504846628341236,0.15551048326099498,0.16120529174804688
539,0.9506944735848265,0.15248753400293827,0.15173077583312988
549,0.9498132684318744,0.1501112196908458,0.11941719055175781
559,0.9446938861147245,0.16001342246072262,0.11742424964904785
569,0.9322311275229743,0.1907788622474307,0.10956621170043945
579,0.9321472032226932,0.1847622996509982,0.10748004913330078
589,0.9259787671520289,0.19028650620019052,0.11489176750183105
599,0.9342033485795812,0.18755754504655595,0.1082925796508789
609,0.9371406990894213,0.19026524126153835,0.118682861328125
619,0.9408753304519324,0.17205740941214748,0.14864444732666016
629,0.9473375015735807,0.1645817156431964,0.17163586616516113
639,0.9488061768285007,0.15403509220624145,0.16177606582641602
649,0.9506105492845454,0.15495987464613464,0.16566181182861328
659,0.9499391548822962,0.15622557742104273,0.1679830551147461
669,0.9503168142335613,0.1517210528500416,0.16273713111877441
679,0.9511560572363728,0.15071341183218398,0.16668701171875
689,0.9510301707859511,0.1513676722829514,0.17045164108276367
699,0.9511560572363728,0.15034557949224514,0.17368841171264648
709,0.9511980193865134,0.149960805953491,0.15751314163208008
719,0.9512819436867945,0.15191002648539592,0.16823530197143555
729,0.9520792245394654,0.1456422283999584,0.17061901092529297
739,0.9509042843355293,0.14980284532478466,0.17433500289916992
749,0.9462884478200663,0.16667156253773446,0.16739225387573242
759,0.9495195333808905,0.1562990154870596,0.16250133514404297
769,0.9520372623893248,0.15054612240722354,0.16640567779541016
779,0.9509462464856699,0.15444574267280703,0.15571832656860352
789,0.8696235995132391,1.2095672151300079,0.10781550407409668
799,0.863245352691872,0.34444292516670244,0.10596442222595215
809,0.8947589274474425,0.22907383291517966,0.10607481002807617
819,0.9359657588854853,0.2605664340267529,0.10091471672058105
829,0.9397003902479963,0.2039848739333727,0.16582369804382324
839,0.9443581889135999,0.18051346533125823,0.17590618133544922
849,0.9460366749192228,0.17635368694991546,0.16148662567138672
859,0.9452813562166925,0.17658571455225133,0.1563713550567627
869,0.9470018043724561,0.17813333826676417,0.17360377311706543
879,0.9470857286727372,0.17207411477060805,0.17527031898498535
889,0.9478410473752675,0.17547843098451713,0.17207908630371094
899,0.947505350174143,0.17276026607823275,0.1661994457244873
909,0.9468339557718938,0.17405572404456354,0.11386895179748535
919,0.9475892744744241,0.17549307929099472,0.10991311073303223
929,0.9477151609248458,0.16929341286359245,0.1170954704284668
939,0.9487642146783601,0.16638306427268093,0.1112680435180664
949,0.9465821828710503,0.16018151112244078,0.11091732978820801
959,0.9449036968654274,0.16838508683956316,0.11971282958984375
969,0.9397423523981369,0.1862189413975501,0.12115287780761719
979,0.946708069321472,0.1714962534925336,0.11864781379699707
989,0.9448617347152868,0.16678528999768563,0.1419389247894287
999,0.9451974319164114,0.1622127647910685,0.13436341285705566
1009,0.9489320632789224,0.16604012619240882,0.10952639579772949
1019,0.9468339557718938,0.17695302280251296,0.11806416511535645
1029,0.9477990852251269,0.16246510086839563,0.10307741165161133
1039,0.9461625613696446,0.16245944069988194,0.1126101016998291
1049,0.944442113213881,0.1691475718086712,0.13092303276062012
1059,0.9484704796273761,0.16127764468229264,0.11857867240905762
1069,0.9487642146783601,0.1624794740277927,0.2137928009033203
1079,0.9509042843355293,0.16059085136481338,0.12134909629821777
1089,0.9475892744744241,0.151538853073765,0.1280515193939209
1099,0.9512819436867945,0.15435468209139452,0.151350736618042
1109,0.9508623221853888,0.14949386825559477,0.11658406257629395
1119,0.9502328899332801,0.15239858288247646,0.11915063858032227
1129,0.951323905836935,0.1571426164359554,0.11573076248168945
1139,0.9477990852251269,0.1636231032146403,0.11964750289916992
1149,0.9448617347152868,0.16990602128726487,0.14149212837219238
1159,0.9498132684318744,0.15281577136776506,0.15435266494750977
1169,0.9512399815366539,0.14954580554260472,0.15676093101501465
1179,0.9529184675422768,0.14862247745156573,0.14309215545654297
1189,0.9527925810918552,0.14799641302543134,0.14855480194091797
1199,0.9527925810918552,0.14627086086551105,0.1619880199432373
1209,0.9524988460408711,0.14573023615900127,0.14540863037109375
1219,0.952708656791574,0.1456459625389084,0.14984750747680664
1229,0.9526666946414334,0.14567349034920304,0.1539313793182373
1239,0.9527506189417145,0.14300077712017334,0.15480947494506836
1249,0.9528765053921363,0.14613229155486088,0.16256427764892578
1259,0.9532122025932609,0.14259649434318566,0.154954195022583
1269,0.9527506189417145,0.14528531022754715,0.14395713806152344
1279,0.9534639754941043,0.14407567194585694,0.14709997177124023
1289,0.9530863161428391,0.14415854362606328,0.1454153060913086
1299,0.9533380890436826,0.14312746269739313,0.1629796028137207
1309,0.9530863161428391,0.14461799994381758,0.14911103248596191
1319,0.9525408081910117,0.1474636103573537,0.1592113971710205
1329,0.9519533380890437,0.14574509410134973,0.15075969696044922
1339,0.9519533380890437,0.14763857769608502,0.1619739532470703
1349,0.9528765053921363,0.14760204864558457,0.16074824333190918
1359,0.9524568838907306,0.1457884887266214,0.1619253158569336
1369,0.95241492174059,0.14327464018099123,0.16146469116210938
1379,0.9519113759389031,0.14581001571011215,0.1531815528869629
1389,0.9516596030380596,0.14489798175161672,0.15671610832214355
1399,0.9519953002391842,0.14887542933426356,0.1538865566253662
1409,0.2991062062020058,1.0437248017683205,0.15247082710266113
1419,0.7487306449582477,1.2696337619408593,0.16114544868469238
1429,0.8854013679660946,0.5622247481015376,0.11866092681884766
1439,0.9253073727497797,0.309929706996136,0.16312694549560547
1449,0.9307624522680542,0.2833617669452867,0.16620421409606934
1459,0.9327346733246612,0.2835237106555398,0.16893911361694336
1469,0.9345810079308464,0.27704981430454556,0.16543149948120117
1479,0.935504175233939,0.2608922867835484,0.16812467575073242
1489,0.9368050018882967,0.24934174336544396,0.17020821571350098
1499,0.9372665855398431,0.23638813326803876,0.165147066116333
1509,0.9381897528429357,0.23190438885273834,0.16996240615844727
1519,0.9389870336956065,0.22496295210071912,0.17217326164245605
1529,0.9393646930468718,0.22119010912804896,0.16472792625427246
1539,0.9402039360496832,0.21811617904664315,0.16792845726013184
1549,0.9399521631488398,0.21615853377317734,0.17092490196228027
1559,0.9402878603499644,0.21178030171213807,0.1644580364227295
1569,0.9406655197012295,0.2053511626195763,0.17177391052246094
1579,0.9415047627040409,0.20174255624949688,0.16817355155944824
1589,0.9412529898031975,0.20128558935770924,0.17614197731018066
1599,0.9421341949561496,0.20529559601155178,0.16749930381774902
1609,0.9333221434266292,0.21581677489467893,0.11675906181335449
1619,0.9376022827409677,0.2928391688273137,0.11534619331359863
1629,0.9307624522680542,0.28807147262490945,0.11758804321289062
1639,0.9323150518232555,0.21137977927858426,0.1230173110961914
1649,0.9316436574210063,0.2656283017649663,0.12155294418334961
1659,0.9362594939364693,0.20327175821185633,0.11725091934204102
1669,0.9411271033527758,0.18911441894387127,0.14989829063415527
1679,0.9439805295623348,0.18543420882164516,0.15351605415344238
1689,0.9443162267634594,0.18373415362452036,0.14642596244812012
1699,0.9448617347152868,0.1795600151860225,0.14544177055358887
1709,0.9458688263186605,0.17764965590368154,0.15058040618896484
1719,0.9460366749192228,0.17655100671337912,0.19264817237854004
1729,0.9460366749192228,0.17709494628709715,0.15697765350341797
1739,0.9463304099702069,0.17523695666574987,0.14635729789733887
1749,0.9464562964206286,0.17547774966793678,0.14610004425048828
1759,0.9469178800721749,0.17310391167956907,0.1494007110595703
1769,0.9470018043724561,0.17721688885273834,0.10965895652770996
1779,0.9472535772732995,0.17527389188575013,0.1160879135131836
1789,0.9457009777180982,0.18336008461742292,0.12212800979614258
1799,0.9421341949561496,0.18918703156864652,0.11319732666015625
1809,0.9397003902479963,0.1952329431870019,0.11180496215820312
1819,0.9372665855398431,0.22046932859500362,0.1187126636505127
1829,0.9273215559565272,0.23273142856783482,0.11934852600097656
1839,0.9330703705257858,0.23533253804471785,0.10718441009521484
1849,0.9368050018882967,0.19872964330875842,0.11905717849731445
1859,0.9357139859846418,0.2152755081783146,0.11091256141662598
1869,0.9362175317863287,0.20745336492825422,0.1267414093017578
1879,0.9374763962905459,0.18649748195873694,0.12020277976989746
1889,0.938945071545466,0.20657357558714814,0.14134836196899414
1899,0.9386932986446226,0.188543999739213,0.1059415340423584
1909,0.9430154001091016,0.18537785607910484,0.10858440399169922
1919,0.9456590155679577,0.17649825708736952,0.15104913711547852
1929,0.9454911669673954,0.1707617811166716,0.11237192153930664
1939,0.9467919936217531,0.1745781235325489,0.11828923225402832
1949,0.9460786370693635,0.18111931299809483,0.10886621475219727
1959,0.9477571230749864,0.17134808023854886,0.16454648971557617
1969,0.9488481389786413,0.16794785192412187,0.1472914218902588
1979,0.9493516847803282,0.1697459905043336,0.12687373161315918
1989,0.94729553942344,0.17217654809801566,0.11895298957824707
1999,0.9393646930468718,0.17314894408508197,0.12047004699707031
