,dataset,model,epoch,datatype,pipeline,rank,epoch time,commu,reduce,compute,accuracy,peak memory
0,reddit,"['graphsage', 4, 256]",2000,fp32,False,0,1.1125471942408844,1.0004797101286313,0.0662821146321456,0.04578536948010749,0.9710069475611727,1054.01611328125
0,reddit,"['graphsage', 4, 256]",2000,fp32,True,0,1.137350190057521,0.1196403251193414,0.9514007873683836,0.06630907756979587,0.9701990916108648,1073.98779296875
0,reddit,"['graphsage', 4, 256]",2000,int4,False,0,0.20182799974369312,0.15964886167798117,0.005943123242902862,0.03623601482280908,0.9710608046245265,5066.23583984375
0,reddit,"['graphsage', 4, 256]",2000,int4,True,0,0.17052188363000917,0.05619330196444335,0.0543628046932093,0.059965776972356506,0.9691039979893363,5176.392578125
0,reddit,"['graphsage', 4, 256]",2000,int1,False,0,0.10126214794698431,0.06218101213663352,0.005687214483928043,0.03339392132642274,0.9714378040680035,5051.5009765625
0,reddit,"['graphsage', 4, 256]",2000,int1,True,0,0.07974693610567292,0.0004281501196540544,0.035896285206809604,0.04342250077920926,0.9686731414825054,5064.98388671875
0,reddit,"['gcn', 4, 256]",2000,fp32,False,0,1.1388341106125932,1.0220393997789226,0.06884737442224753,0.047947336411423125,0.9484049333070033,798.72216796875
0,reddit,"['gcn', 4, 256]",2000,fp32,True,0,1.1272511512771215,0.11430735710203514,0.9389240812087112,0.0740197129663751,0.9468969355330952,977.60595703125
0,reddit,"['gcn', 4, 256]",2000,int4,False,0,0.2021423195943004,0.1591617808841119,0.008295085223055628,0.034685453487132874,0.948207457408039,4922.08935546875
0,reddit,"['gcn', 4, 256]",2000,int4,True,0,0.16906157978924452,0.055474450566986355,0.05177441325644342,0.061812715965814745,0.9461070319372386,5098.3876953125
0,reddit,"['gcn', 4, 256]",2000,int1,False,0,0.10147533384888104,0.06110701117589904,0.008746637931645315,0.031621684741336684,0.9549216379728201,4906.3232421875
0,reddit,"['gcn', 4, 256]",2000,int1,True,0,0.08079778325053259,0.00036866561341657405,0.039144027206573825,0.041285090430542196,0.9531084501732402,4974.65283203125
0,reddit,"['gat', 4, 256]",500,fp32,False,0,1.22054572704127,1.066589174249247,0.08441013498691165,0.06954641780511138,0.4931152720679317,1460.62744140625
0,reddit,"['gat', 4, 256]",500,fp32,True,0,1.1542383186485736,0.0863957704449983,0.9710504885746225,0.09679205962895288,0.1716245085542969,1484.17333984375
0,reddit,"['gat', 4, 256]",500,int4,False,0,0.25908547078547456,0.17895822941989642,0.022175655771264045,0.0579515855943141,0.9209557833509865,2301.56591796875
0,reddit,"['gat', 4, 256]",500,int4,True,0,0.192760127007694,0.001145385305977723,0.11733242588727463,0.07428231581444164,0.5644758810117947,2326.232421875
0,reddit,"['gat', 4, 256]",500,int1,False,0,0.1909337973915408,0.11184515974446797,0.022378696989050897,0.056709940658021915,0.05757320072527512,2287.10791015625
0,reddit,"['gat', 4, 256]",500,int1,True,0,0.17330135625574086,0.0004163739927146467,0.11442918146672271,0.0584558007963035,0.3793152972012279,2292.734375
